neighbourhood,URL
Athmar Park,https://www.airbnb.com/s/Athmar-Park--Denver--CO--USA
Auraria,https://www.airbnb.com/s/Auraria--Denver--CO--USA
Baker,https://www.airbnb.com/s/Baker--Denver--CO--USA
Barnum,https://www.airbnb.com/s/Barnum--Denver--CO--USA
Barnum West,https://www.airbnb.com/s/Barnum-West--Denver--CO--USA
Bear Valley,https://www.airbnb.com/s/Bear-Valley--Denver--CO--USA
Belcaro,https://www.airbnb.com/s/Belcaro--Denver--CO--USA
Berkeley,https://www.airbnb.com/s/Berkley--Denver--CO--USA
Capitol Hill,https://www.airbnb.com/s/Capitol-Hill--Denver--CO--USA
CBD,https://www.airbnb.com/s/CBD--Denver--CO--USA
Chaffee Park,https://www.airbnb.com/s/Chaffee-Park--Denver--CO--USA
Cheesman Park,https://www.airbnb.com/s/Cheesman-Park--Denver--CO--USA
Cherry Creek,https://www.airbnb.com/s/Cherry-Creek--Denver--CO--USA
City Park,https://www.airbnb.com/s/City-Park--Denver--CO--USA
City Park West,https://www.airbnb.com/s/City-Park-West--Denver--CO--USA
Clayton,https://www.airbnb.com/s/Clayton--Denver--CO--USA
Cole,https://www.airbnb.com/s/Cole--Denver--CO--USA
College View / South Platte,https://www.airbnb.com/s/College-View--Denver--CO--USA
Congress Park,https://www.airbnb.com/s/Congress-Park--Denver--CO--USA
Cory - Merrill,https://www.airbnb.com/s/Cory-Merrill--Denver--CO--USA
Country Club,https://www.airbnb.com/s/Country-Club--Denver--CO--USA
DIA,https://www.airbnb.com/s/DIA--Denver--CO--USA
East Colfax,https://www.airbnb.com/s/East-Colfax--Denver--CO--USA
Elyria Swansea,https://www.airbnb.com/s/Elyria-Swansea--Denver--CO--USA
Five Points,https://www.airbnb.com/s/Five-Point--Denver--CO--USA
Fort Logan,https://www.airbnb.com/s/Fort-Logan--Denver--CO--USA
Gateway / Green Valley Ranch,https://www.airbnb.com/s/Gateway--Denver--CO--USA
Globeville,https://www.airbnb.com/s/Globeville--Denver--CO--USA
Golden Triangle,https://www.airbnb.com/s/Golden-Triangle--Denver--CO--USA
Goldsmith,https://www.airbnb.com/s/Goldsmith--Denver--CO--USA
Hale,https://www.airbnb.com/s/Hale--Denver--CO--USA
Hampden,https://www.airbnb.com/s/Hampden--Denver--CO--USA
Hampden South,https://www.airbnb.com/s/Hampden-South--Denver--CO--USA
Harvey Park,https://www.airbnb.com/s/Harvey-Park--Denver--CO--USA
Harvey Park South,https://www.airbnb.com/s/Harvey-Park-South--Denver--CO--USA
Highland,https://www.airbnb.com/s/Highland--Denver--CO--USA
Hilltop,https://www.airbnb.com/s/Hilltop--Denver--CO--USA
Indian Creek,https://www.airbnb.com/s/Indian-Creek--Denver--CO--USA
Jefferson Park,https://www.airbnb.com/s/Jefferson-Park--Denver--CO--USA
Kennedy,https://www.airbnb.com/s/Kennedy--Denver--CO--USA
Lincoln Park,https://www.airbnb.com/s/Lincoln-Park--Denver--CO--USA
LoDo,https://www.airbnb.com/s/LoDo--Denver--CO--USA
Lowry Field,https://www.airbnb.com/s/Lowry-Field--Denver--CO--USA
Mar Lee,https://www.airbnb.com/s/Mar-Lee--Denver--CO--USA
Marston,https://www.airbnb.com/s/Marston--Denver--CO--USA
Montbello,https://www.airbnb.com/s/Montbello--Denver--CO--USA
Montclair,https://www.airbnb.com/s/Montclair--Denver--CO--USA
North Capitol Hill,https://www.airbnb.com/s/North-Capitol-Hill-Denver--CO--USA
North Park Hill,https://www.airbnb.com/s/North-Park-Hill--Denver--CO--USA
Northeast Park Hill,https://www.airbnb.com/s/Northeast-Park-Hill--Denver--CO--USA
Overland,https://www.airbnb.com/s/Overland--Denver--CO--USA
Platt Park,https://www.airbnb.com/s/Platt-Park--Denver--CO--USA
Regis,https://www.airbnb.com/s/Regis--Denver--CO--USA
Rosedale,https://www.airbnb.com/s/Rosedale--Denver--CO--USA
Ruby Hill,https://www.airbnb.com/s/Ruby-Hill--Denver--CO--USA
Skyland,https://www.airbnb.com/s/Skyland--Denver--CO--USA
Sloane Lake,https://www.airbnb.com/s/Sloane-Lake--Denver--CO--USA
South Park Hill,https://www.airbnb.com/s/South-Park-Hill--Denver--CO--USA
Southmoor Park,https://www.airbnb.com/s/Southmoor-Park--Denver--CO--USA
Speer,https://www.airbnb.com/s/Speer--Denver--CO--USA
Stapleton,https://www.airbnb.com/s/Stapleton--Denver--CO--USA
Sun Valley,https://www.airbnb.com/s/Sun-Valley--Denver--CO--USA
Sunnyside,https://www.airbnb.com/s/Sunnyside--Denver--CO--USA
University,https://www.airbnb.com/s/University--Denver--CO--USA
University Hills,https://www.airbnb.com/s/University-Hill--Denver--CO--USA
University Park,https://www.airbnb.com/s/University-Park--Denver--CO--USA
Valverde,https://www.airbnb.com/s/Valverde--Denver--CO--USA
Villa Park,https://www.airbnb.com/s/Villa-Park--Denver--CO--USA
Virginia Village,https://www.airbnb.com/s/Virginia-Village--Denver--CO--USA
Washington Park,https://www.airbnb.com/s/Washington-Park--Denver--CO--USA
Washington Park West,https://www.airbnb.com/s/Washington-Park-West--Denver--CO--USA
Washington Virginia Vale,https://www.airbnb.com/s/Washington-Virginia-Vale--Denver--CO--USA
Wellshire,https://www.airbnb.com/s/Wellshire--Denver--CO--USA
West Colfax,https://www.airbnb.com/s/West-Colfax--Denver--CO--USA
West Highland,https://www.airbnb.com/s/West-Highland--Denver--CO--USA
Westwood,https://www.airbnb.com/s/Westwood--Denver--CO--USA
Whittier,https://www.airbnb.com/s/Whittier--Denver--CO--USA
Windsor,https://www.airbnb.com/s/Windsor--Denver--CO--USA
